"AtcoCode","IataCode","Name","NameLang","CreationDateTime","ModificationDateTime","RevisionNumber","Modification"
"9200ABZ1","ABZ","Aberdeen Airport","","2005-07-04T10:00:00","2007-01-12T15:02:19",1,"rev"
"9200BEB1","BEB","Benbecula Balivanich Airport","","2005-07-04T10:00:00","2010-02-24T16:23:06",2,"rev"
"9200BHX0","BHX","Birmingham International Airport","","2004-04-19T12:00:00","2010-08-10T14:13:02",2,"rev"
"9200BHX1","BHX","Birmingham International Airport","","2004-04-19T12:00:00","2010-08-10T14:13:02",2,"rev"
"9200BHX2","BHX","Birmingham International Airport","","2004-04-19T12:00:00","2010-08-10T14:13:02",2,"rev"
"9200BLK1","BLK","Blackpool International Airport","","2004-04-19T12:00:00","2009-11-12T15:43:56",2,"rev"
"9200BOH1","BOH","Bournemouth International Airport","","2004-04-19T12:00:00","2011-01-24T15:58:15",2,"rev"
"9200BQH1","BQH","Biggin Hill Airport","","2004-04-23T15:28:54","2007-01-12T15:02:19",1,"rev"
"9200BRR1","BRR","Barra North Bay Airport","","2005-07-04T10:00:00","2007-01-12T15:02:19",1,"rev"
"9200BRS1","BRS","Bristol International Airport","","2004-04-19T12:00:00","2007-02-26T08:20:55",2,"rev"
"9200CAL1","CAL","Campbeltown Machrihanish Airport","","2005-07-04T10:00:00","2014-01-31T15:02:19",1,"rev"
"9200CBG1","CBG","Cambridge Airport","","2004-04-23T15:28:54","2011-01-24T15:59:44",4,"rev"
"9200COL1","COL","Coll Airport","","2008-06-16T18:39:01","2008-06-16T18:39:01",0,"new"
"9200CSA1","CSA","Colonsay Airport","","2008-06-16T18:39:01","2008-06-16T18:39:01",0,"new"
"9200CVT1","CVT","Coventry Airport","","2005-07-04T10:00:00","2011-01-24T15:59:44",2,"rev"
"9200CWL1","CWL","Cardiff International Airport","","2005-07-04T10:00:00","2005-07-04T10:00:00",0,""
"9200DND1","DND","Dundee City Airport","","2004-04-19T12:00:00","2010-02-24T16:23:22",2,"rev"
"9200DSA1","DCS","Robin Hood Doncaster Sheffield Airport","","2007-11-20T09:38:43","2010-02-24T16:23:37",1,"rev"
"9200EDI1","EDI","Edinburgh Airport","","2004-04-19T12:00:00","2010-02-24T16:23:51",2,"rev"
"9200EMA1","EMA","East Midlands Airport","","2004-04-19T12:00:00","2008-04-18T14:08:25",3,"rev"
"9200EOI1","EOI","Eday Airport","","2004-04-19T12:00:00","2007-01-12T15:02:19",1,"rev"
"9200ESH1","ESH","Shoreham Brighton City Airport","","2004-04-23T15:28:54","2010-02-24T16:24:05",2,"rev"
"9200EXT1","EXT","Exeter International Airport","","2004-04-19T12:00:00","2010-02-24T16:24:22",2,"rev"
"9200FIE1","FIE","Fair Isle Airport","","2004-04-19T12:00:00","2007-02-26T08:20:55",2,"rev"
"9200FOA1","FOA","Foula Airport","","2004-08-20T12:00:00","2007-02-26T08:20:55",2,"rev"
"9200GLA1","GLA","Glasgow International Airport","","2004-04-19T12:00:00","2010-02-24T16:24:36",3,"rev"
"9200GLO1","GLO","Gloucestershire Airport","","2005-07-04T10:00:00","2010-12-20T15:35:34",2,"rev"
"9200HUY1","HUY","Humberside Airport","","2004-04-19T12:00:00","2007-01-12T15:02:19",2,"rev"
"9200ILY1","ILY","Islay Glenegedal Airport","","2004-04-19T12:00:00","2010-02-24T16:24:53",2,"rev"
"9200INV1","INV","Inverness Airport","","2005-07-04T10:00:00","2010-02-24T16:25:11",2,"rev"
"9200ISC1","ISC","Isles of Scilly St Mary's Airport","","2005-07-04T10:00:00","2007-01-12T15:02:19",1,"rev"
"9200KOI1","KOI","Kirkwall (Orkney) Airport","","2005-07-04T10:00:00","2011-06-22T15:55:02",3,"rev"
"9200LBA1","LBA","Leeds Bradford International Airport","","2004-04-19T12:00:00","2007-01-12T15:02:19",1,"rev"
"9200LCY1","LCY","London City Airport","","2004-04-19T12:00:00","2007-01-12T15:02:19",1,"rev"
"9200LEQ1","LEQ","Land's End St Just Airport","","2004-04-19T12:00:00","2007-01-12T15:02:19",1,"rev"
"9200LGW0","LGW","London Gatwick Airport","","2004-04-19T12:00:00","2008-05-13T08:26:11",3,"rev"
"9200LGW1","LGW","London Gatwick Airport","","2004-04-19T12:00:00","2008-05-13T08:26:11",2,"rev"
"9200LGW2","LGW","London Gatwick Airport","","2004-04-19T12:00:00","2008-05-13T08:26:11",3,"rev"
"9200LHR0","LHR","London Heathrow Airport","","2004-04-19T12:00:00","2007-01-12T15:02:19",1,"rev"
"9200LHR1","LHR","London Heathrow Airport","","2004-04-19T12:00:00","2007-01-12T15:02:19",1,"rev"
"9200LHR2","LHR","London Heathrow Airport","","2004-04-19T12:00:00","2007-01-12T15:02:19",1,"rev"
"9200LHR3","LHR","London Heathrow Airport","","2004-04-19T12:00:00","2007-01-12T15:02:19",1,"rev"
"9200LHR4","LHR","London Heathrow Airport","","2004-04-19T12:00:00","2007-01-12T15:02:19",1,"rev"
"9200LHR5","LHR","London Heathrow Airport","","2004-04-19T12:00:00","2007-01-12T15:02:19",1,"rev"
"9200LPL1","LPL","Liverpool John Lennon Airport","","2005-07-04T10:00:00","2013-07-11T15:10:44",2,"rev"
"9200LSI1","LSI","Sumburgh Airport","","2004-04-19T12:00:00","2007-06-13T09:49:42",2,"rev"
"9200LTN1","LTN","London Luton Airport","","2005-07-04T10:00:00","2010-02-24T16:27:17",2,"rev"
"9200LWK1","LWK","Lerwick Tingwall Airport","","2004-04-19T12:00:00","2010-02-24T16:25:40",2,"rev"
"9200LYX1","LYX","Lydd London Ashford Airport","","2005-07-04T10:00:00","2010-02-24T16:25:55",2,"rev"
"9200MAN0","MAN","Manchester Airport","","2004-04-19T12:00:00","2010-03-05T14:39:53",2,"rev"
"9200MAN1","MAN","Manchester Airport","","2004-04-19T12:00:00","2010-03-05T14:39:53",2,"rev"
"9200MAN2","MAN","Manchester Airport","","2004-04-19T12:00:00","2010-03-05T14:39:53",2,"rev"
"9200MAN3","MAN","Manchester Airport","","2004-04-19T12:00:00","2010-03-05T14:39:53",2,"rev"
"9200MME1","MME","Durham Tees Valley Airport","","2004-04-19T12:00:00","2009-11-12T15:48:32",3,"rev"
"9200MSE1","MSE","Kent International Airport","","2005-07-04T10:00:00","2007-01-12T15:02:19",1,"rev"
"9200NCL1","NCL","Newcastle International Airport","","2004-04-19T12:00:00","2007-02-15T10:36:01",1,"rev"
"9200NDY1","NDY","Sanday Airport","","2004-08-20T12:00:00","2007-02-26T08:20:55",2,"rev"
"9200NQY1","NQY","Newquay St Mawgan Airport","","2005-07-04T10:00:00","2010-02-24T16:27:44",2,"rev"
"9200NRL1","NRL","North Ronaldsay Airport","","2004-04-19T12:00:00","2007-01-12T15:02:19",1,"rev"
"9200NWI1","NWI","Norwich International Airport","","2004-04-19T12:00:00","2007-01-12T15:02:19",1,"rev"
"9200OBN1","OBN","Oban (North Connel) Airport","","2008-06-16T18:39:01","2008-06-16T18:39:01",0,"new"
"9200OUK1","OUK","Out Skerries Airport","","2004-09-09T12:00:00","2010-02-24T16:26:10",2,"rev"
"9200OXF1","OXF","London Oxford Airport","","2006-03-07T10:48:00","2010-03-05T14:42:03",2,"rev"
"9200PIK1","PIK","Glasgow Prestwick International Airport","","2004-04-19T12:00:00","2010-02-24T16:26:26",2,"rev"
"9200PLH1","PLH","Plymouth City Airport","","2004-04-19T12:00:00","2010-02-24T16:26:45",2,"rev"
"9200PPW1","PPW","Papa Westray Airport","","2004-04-19T12:00:00","2007-01-12T15:02:19",1,"rev"
"9200PSV1","PSV","Papa Stour Airport","","2004-08-20T12:00:00","2007-02-26T08:20:55",2,"rev"
"9200SEN1","SEN","London Southend Airport","","2004-04-19T12:00:00","2008-08-14T17:04:21",2,"rev"
"9200SOU1","SOU","Southampton Airport","","2004-04-19T12:00:00","2007-01-12T15:02:19",1,"rev"
"9200SOY1","SOY","Stronsay Airport","","2004-04-19T12:00:00","2007-02-26T08:20:55",2,"rev"
"9200STN1","STN","London Stansted Airport","","2004-09-09T12:00:00","2007-01-12T15:02:19",1,"rev"
"9200SWS1","SWS","Swansea Airport","","2005-07-04T10:00:00","2007-01-12T15:02:19",1,"rev"
"9200SYY1","SYY","Stornoway Airport","","2004-04-19T12:00:00","2013-11-11T15:02:19",2,"rev"
"9200TRE1","TRE","Tiree Airport","","2004-04-19T12:00:00","2007-01-12T15:02:19",1,"rev"
"9200TSO1","TSO","Isles of Scilly Tresco Airport","","2005-07-04T10:00:00","2007-01-12T15:02:19",1,"rev"
"9200VLY1","VLY","Anglesey Airport","","2007-04-20T00:00:00","2007-04-20T00:00:00",0,"new"
"9200WHS1","WHS","Whalsay Airport","","2004-09-09T12:00:00","2007-01-12T15:02:19",1,"rev"
"9200WIC1","WIC","Wick Airport","","2004-04-19T12:00:00","2007-01-12T15:02:19",1,"rev"
"9200WRY1","WRY","Westray Airport","","2004-04-19T12:00:00","2007-02-26T08:20:55",2,"rev"
